roll_no,name,timestamp_in,timestamp_out,duration_minutes,day,hour_in,weekday,session_id
1001,Student_1001,2025-06-21 14:16:00,2025-06-21 15:31:00,75.0,2025-06-21,14,Saturday,3
1001,Student_1001,2025-06-22 11:24:00,2025-06-22 14:03:00,159.0,2025-06-22,11,Sunday,4
1001,Student_1001,2025-06-24 11:40:00,2025-06-24 14:26:00,166.0,2025-06-24,11,Tuesday,7
1001,Student_1001,2025-06-24 14:53:00,2025-06-24 15:53:00,60.0,2025-06-24,14,Tuesday,8
1001,Student_1001,2025-06-25 14:51:00,2025-06-25 16:27:00,96.0,2025-06-25,14,Wednesday,9
1001,Student_1001,2025-06-26 09:59:00,2025-06-26 11:49:00,110.0,2025-06-26,9,Thursday,10
1001,Student_1001,2025-06-27 10:19:00,2025-06-27 10:51:00,32.0,2025-06-27,10,Friday,11
1001,Student_1001,2025-06-27 12:14:00,2025-06-27 14:21:00,127.0,2025-06-27,12,Friday,12
1001,Student_1001,2025-06-28 09:35:00,2025-06-28 10:52:00,77.0,2025-06-28,9,Saturday,13
1001,Student_1001,2025-06-30 08:00:00,2025-06-30 10:30:00,150.0,2025-06-30,8,Monday,16
1001,Aarav Sharma,2025-06-30 16:47:59,2025-06-30 17:59:59,72.0,2025-06-30,16,Monday,17
1001,Student_1001,2025-07-01 08:58:00,2025-07-01 11:39:00,161.0,2025-07-01,8,Tuesday,18
1001,Student_1001,2025-07-02 11:09:00,2025-07-02 12:01:00,52.0,2025-07-02,11,Wednesday,21
1001,Student_1001,2025-07-03 10:55:00,2025-07-03 13:40:00,165.0,2025-07-03,10,Thursday,22
1001,Student_1001,2025-07-03 14:28:00,2025-07-03 16:53:00,145.0,2025-07-03,14,Thursday,23
1001,Student_1001,2025-07-05 11:11:00,2025-07-05 13:49:00,158.0,2025-07-05,11,Saturday,26
1001,Student_1001,2025-07-06 11:53:00,2025-07-06 14:49:00,176.0,2025-07-06,11,Sunday,27
1001,Student_1001,2025-07-07 09:47:00,2025-07-07 10:49:00,62.0,2025-07-07,9,Monday,28
1001,Student_1001,2025-07-07 15:48:00,2025-07-07 17:47:00,119.0,2025-07-07,15,Monday,29
1001,Student_1001,2025-07-08 08:32:00,2025-07-08 10:28:00,116.0,2025-07-08,8,Tuesday,30
1001,Student_1001,2025-07-08 17:28:00,2025-07-08 20:10:00,162.0,2025-07-08,17,Tuesday,31
1001,Student_1001,2025-07-09 10:40:00,2025-07-09 12:33:00,113.0,2025-07-09,10,Wednesday,32
1001,Aarav Sharma,2025-07-10 19:47:59,2025-07-10 20:37:59,50.0,2025-07-10,19,Thursday,35
1001,Aarav Sharma,2025-07-10 22:47:59,2025-07-10 23:49:59,62.0,2025-07-10,22,Thursday,36
1001,Student_1001,2025-07-11 10:01:00,2025-07-11 11:22:00,81.0,2025-07-11,10,Friday,37
1001,Student_1001,2025-07-11 18:39:00,2025-07-11 19:34:00,55.0,2025-07-11,18,Friday,38
1001,Student_1001,2025-07-13 12:34:00,2025-07-13 14:26:00,112.0,2025-07-13,12,Sunday,41
1001,Student_1001,2025-07-13 15:21:00,2025-07-13 16:52:00,91.0,2025-07-13,15,Sunday,42
1001,Student_1001,2025-07-14 16:23:00,2025-07-14 17:56:00,93.0,2025-07-14,16,Monday,43
1002,Student_1002,2025-06-20 15:34:00,2025-06-20 16:18:00,44.0,2025-06-20,15,Friday,1
1002,Student_1002,2025-06-21 13:10:00,2025-06-21 15:19:00,129.0,2025-06-21,13,Saturday,2
1002,Student_1002,2025-06-21 17:34:00,2025-06-21 18:28:00,54.0,2025-06-21,17,Saturday,3
1002,Student_1002,2025-06-22 16:05:00,2025-06-22 16:38:00,33.0,2025-06-22,16,Sunday,4
1002,Student_1002,2025-06-23 15:43:00,2025-06-23 17:05:00,82.0,2025-06-23,15,Monday,5
1002,Student_1002,2025-06-24 08:45:00,2025-06-24 10:29:00,104.0,2025-06-24,8,Tuesday,6
1002,Student_1002,2025-06-24 13:12:00,2025-06-24 14:23:00,71.0,2025-06-24,13,Tuesday,7
1002,Student_1002,2025-06-25 10:25:00,2025-06-25 12:08:00,103.0,2025-06-25,10,Wednesday,8
1002,Student_1002,2025-06-25 18:03:00,2025-06-25 20:21:00,138.0,2025-06-25,18,Wednesday,9
1002,Student_1002,2025-06-26 12:07:00,2025-06-26 12:58:00,51.0,2025-06-26,12,Thursday,10
1002,Student_1002,2025-06-27 13:37:00,2025-06-27 16:11:00,154.0,2025-06-27,13,Friday,11
1002,Student_1002,2025-06-27 17:01:00,2025-06-27 18:11:00,70.0,2025-06-27,17,Friday,12
1002,Student_1002,2025-06-28 18:48:00,2025-06-28 19:18:00,30.0,2025-06-28,18,Saturday,13
1002,Student_1002,2025-06-29 08:02:00,2025-06-29 09:22:00,80.0,2025-06-29,8,Sunday,14
1002,Student_1002,2025-06-29 16:00:00,2025-06-29 17:19:00,79.0,2025-06-29,16,Sunday,15
1002,Student_1002,2025-06-30 16:13:00,2025-06-30 17:38:00,85.0,2025-06-30,16,Monday,16
1002,Student_1002,2025-07-01 08:48:00,2025-07-01 11:36:00,168.0,2025-07-01,8,Tuesday,17
1002,Student_1002,2025-07-03 10:56:00,2025-07-03 13:33:00,157.0,2025-07-03,10,Thursday,20
1002,Student_1002,2025-07-03 14:00:00,2025-07-03 16:54:00,174.0,2025-07-03,14,Thursday,21
1002,Student_1002,2025-07-04 11:20:00,2025-07-04 13:31:00,131.0,2025-07-04,11,Friday,22
1002,Student_1002,2025-07-04 14:28:00,2025-07-04 16:38:00,130.0,2025-07-04,14,Friday,23
1002,Student_1002,2025-07-06 15:24:00,2025-07-06 16:47:00,83.0,2025-07-06,15,Sunday,26
1002,Student_1002,2025-07-06 19:15:00,2025-07-06 21:17:00,122.0,2025-07-06,19,Sunday,27
1002,Student_1002,2025-07-07 12:16:00,2025-07-07 14:29:00,133.0,2025-07-07,12,Monday,28
1002,Student_1002,2025-07-08 12:41:00,2025-07-08 15:35:00,174.0,2025-07-08,12,Tuesday,29
1002,Student_1002,2025-07-08 19:43:00,2025-07-08 21:52:00,129.0,2025-07-08,19,Tuesday,30
1002,Student_1002,2025-07-09 19:24:00,2025-07-09 20:50:00,86.0,2025-07-09,19,Wednesday,31
1002,Student_1002,2025-07-10 18:27:00,2025-07-10 21:23:00,176.0,2025-07-10,18,Thursday,32
1002,Student_1002,2025-07-11 08:30:00,2025-07-11 10:24:00,114.0,2025-07-11,8,Friday,33
1002,Student_1002,2025-07-13 18:19:00,2025-07-13 20:26:00,127.0,2025-07-13,18,Sunday,36
1002,Student_1002,2025-07-14 17:08:00,2025-07-14 19:37:00,149.0,2025-07-14,17,Monday,37
1003,Student_1003,2025-06-21 09:45:00,2025-06-21 11:52:00,127.0,2025-06-21,9,Saturday,3
1003,Student_1003,2025-06-22 12:00:00,2025-06-22 13:34:00,94.0,2025-06-22,12,Sunday,4
1003,Student_1003,2025-06-23 13:17:00,2025-06-23 15:44:00,147.0,2025-06-23,13,Monday,5
1003,Student_1003,2025-06-23 19:43:00,2025-06-23 21:24:00,101.0,2025-06-23,19,Monday,6
1003,Student_1003,2025-06-24 08:13:00,2025-06-24 09:11:00,58.0,2025-06-24,8,Tuesday,7
1003,Student_1003,2025-06-25 12:06:00,2025-06-25 13:36:00,90.0,2025-06-25,12,Wednesday,8
1003,Student_1003,2025-06-26 08:08:00,2025-06-26 11:07:00,179.0,2025-06-26,8,Thursday,9
1003,Student_1003,2025-06-26 19:13:00,2025-06-26 21:26:00,133.0,2025-06-26,19,Thursday,10
1003,Student_1003,2025-06-27 15:02:00,2025-06-27 17:16:00,134.0,2025-06-27,15,Friday,11
1003,Student_1003,2025-06-28 14:09:00,2025-06-28 16:17:00,128.0,2025-06-28,14,Saturday,12
1003,Student_1003,2025-06-29 10:46:00,2025-06-29 11:49:00,63.0,2025-06-29,10,Sunday,13
1003,Student_1003,2025-06-29 13:10:00,2025-06-29 14:52:00,102.0,2025-06-29,13,Sunday,14
1003,Student_1003,2025-06-30 12:34:00,2025-06-30 15:18:00,164.0,2025-06-30,12,Monday,15
1003,Student_1003,2025-06-30 18:33:00,2025-06-30 19:03:00,30.0,2025-06-30,18,Monday,16
1003,Student_1003,2025-07-01 10:46:00,2025-07-01 13:40:00,174.0,2025-07-01,10,Tuesday,17
1003,Student_1003,2025-07-03 16:26:00,2025-07-03 18:20:00,114.0,2025-07-03,16,Thursday,20
1003,Student_1003,2025-07-04 08:52:00,2025-07-04 11:03:00,131.0,2025-07-04,8,Friday,21
1003,Student_1003,2025-07-04 16:17:00,2025-07-04 17:21:00,64.0,2025-07-04,16,Friday,22
1003,Student_1003,2025-07-05 13:08:00,2025-07-05 14:39:00,91.0,2025-07-05,13,Saturday,23
1003,Student_1003,2025-07-05 17:19:00,2025-07-05 19:26:00,127.0,2025-07-05,17,Saturday,24
1003,Student_1003,2025-07-06 14:04:00,2025-07-06 16:21:00,137.0,2025-07-06,14,Sunday,25
1003,Student_1003,2025-07-07 18:34:00,2025-07-07 19:38:00,64.0,2025-07-07,18,Monday,26
1003,Student_1003,2025-07-08 11:14:00,2025-07-08 12:52:00,98.0,2025-07-08,11,Tuesday,27
1003,Student_1003,2025-07-08 13:48:00,2025-07-08 14:24:00,36.0,2025-07-08,13,Tuesday,28
1003,Student_1003,2025-07-09 19:37:00,2025-07-09 22:05:00,148.0,2025-07-09,19,Wednesday,29
1003,Student_1003,2025-07-10 12:37:00,2025-07-10 13:28:00,51.0,2025-07-10,12,Thursday,30
1003,Student_1003,2025-07-11 10:59:00,2025-07-11 12:35:00,96.0,2025-07-11,10,Friday,31
1003,Student_1003,2025-07-11 17:41:00,2025-07-11 20:31:00,170.0,2025-07-11,17,Friday,32
1003,Student_1003,2025-07-12 10:54:00,2025-07-12 12:43:00,109.0,2025-07-12,10,Saturday,33
1003,Student_1003,2025-07-12 15:36:00,2025-07-12 16:40:00,64.0,2025-07-12,15,Saturday,34
1003,Student_1003,2025-07-14 08:57:00,2025-07-14 10:14:00,77.0,2025-07-14,8,Monday,37
1003,Student_1003,2025-07-14 12:12:00,2025-07-14 14:41:00,149.0,2025-07-14,12,Monday,38
1004,Student_1004,2025-06-20 08:28:00,2025-06-20 10:46:00,138.0,2025-06-20,8,Friday,1
1004,Student_1004,2025-06-21 09:22:00,2025-06-21 10:11:00,49.0,2025-06-21,9,Saturday,2
1004,Student_1004,2025-06-21 11:47:00,2025-06-21 12:44:00,57.0,2025-06-21,11,Saturday,3
1004,Student_1004,2025-06-22 14:00:00,2025-06-22 14:33:00,33.0,2025-06-22,14,Sunday,4
1004,Student_1004,2025-06-25 12:38:00,2025-06-25 15:04:00,146.0,2025-06-25,12,Wednesday,9
1004,Student_1004,2025-06-25 16:51:00,2025-06-25 19:09:00,138.0,2025-06-25,16,Wednesday,10
1004,Student_1004,2025-06-26 10:32:00,2025-06-26 11:14:00,42.0,2025-06-26,10,Thursday,11
1004,Student_1004,2025-06-26 17:21:00,2025-06-26 19:28:00,127.0,2025-06-26,17,Thursday,12
1004,Student_1004,2025-06-27 09:27:00,2025-06-27 10:35:00,68.0,2025-06-27,9,Friday,13
1004,Student_1004,2025-06-27 15:12:00,2025-06-27 17:39:00,147.0,2025-06-27,15,Friday,14
1004,Student_1004,2025-06-29 09:38:00,2025-06-29 10:58:00,80.0,2025-06-29,9,Sunday,17
1004,Student_1004,2025-06-30 19:13:00,2025-06-30 21:29:00,136.0,2025-06-30,19,Monday,18
1004,Student_1004,2025-07-01 16:08:00,2025-07-01 16:46:00,38.0,2025-07-01,16,Tuesday,19
1004,Student_1004,2025-07-02 16:28:00,2025-07-02 17:18:00,50.0,2025-07-02,16,Wednesday,20
1004,Student_1004,2025-07-04 17:17:00,2025-07-04 18:46:00,89.0,2025-07-04,17,Friday,23
1004,Student_1004,2025-07-05 09:02:00,2025-07-05 10:09:00,67.0,2025-07-05,9,Saturday,24
1004,Student_1004,2025-07-05 15:32:00,2025-07-05 17:01:00,89.0,2025-07-05,15,Saturday,25
1004,Student_1004,2025-07-06 10:20:00,2025-07-06 12:44:00,144.0,2025-07-06,10,Sunday,26
1004,Student_1004,2025-07-07 08:59:00,2025-07-07 10:49:00,110.0,2025-07-07,8,Monday,27
1004,Student_1004,2025-07-07 18:50:00,2025-07-07 21:43:00,173.0,2025-07-07,18,Monday,28
1004,Student_1004,2025-07-09 17:55:00,2025-07-09 18:27:00,32.0,2025-07-09,17,Wednesday,31
1004,Student_1004,2025-07-11 08:41:00,2025-07-11 11:18:00,157.0,2025-07-11,8,Friday,34
1004,Student_1004,2025-07-12 14:44:00,2025-07-12 16:34:00,110.0,2025-07-12,14,Saturday,35
1004,Student_1004,2025-07-12 19:33:00,2025-07-12 20:16:00,43.0,2025-07-12,19,Saturday,36
1004,Student_1004,2025-07-13 14:19:00,2025-07-13 16:29:00,130.0,2025-07-13,14,Sunday,37
1004,Student_1004,2025-07-13 19:00:00,2025-07-13 21:08:00,128.0,2025-07-13,19,Sunday,38
1004,Student_1004,2025-07-14 08:44:00,2025-07-14 11:25:00,161.0,2025-07-14,8,Monday,39
1004,Student_1004,2025-07-14 11:57:00,2025-07-14 14:28:00,151.0,2025-07-14,11,Monday,40
1005,Student_1005,2025-06-20 12:28:00,2025-06-20 13:48:00,80.0,2025-06-20,12,Friday,1
1005,Student_1005,2025-06-20 14:37:00,2025-06-20 17:01:00,144.0,2025-06-20,14,Friday,2
1005,Student_1005,2025-06-21 11:23:00,2025-06-21 13:10:00,107.0,2025-06-21,11,Saturday,3
1005,Student_1005,2025-06-21 16:51:00,2025-06-21 17:41:00,50.0,2025-06-21,16,Saturday,4
1005,Student_1005,2025-06-22 15:08:00,2025-06-22 17:14:00,126.0,2025-06-22,15,Sunday,5
1005,Student_1005,2025-06-22 19:52:00,2025-06-22 20:38:00,46.0,2025-06-22,19,Sunday,6
1005,Student_1005,2025-06-23 15:44:00,2025-06-23 17:40:00,116.0,2025-06-23,15,Monday,7
1005,Student_1005,2025-06-23 19:21:00,2025-06-23 19:51:00,30.0,2025-06-23,19,Monday,8
1005,Student_1005,2025-06-25 11:24:00,2025-06-25 12:31:00,67.0,2025-06-25,11,Wednesday,11
1005,Student_1005,2025-06-25 12:43:00,2025-06-25 13:46:00,63.0,2025-06-25,12,Wednesday,12
1005,Student_1005,2025-06-26 15:22:00,2025-06-26 16:41:00,79.0,2025-06-26,15,Thursday,13
1005,Student_1005,2025-06-26 17:44:00,2025-06-26 18:24:00,40.0,2025-06-26,17,Thursday,14
1005,Student_1005,2025-06-27 12:41:00,2025-06-27 14:30:00,109.0,2025-06-27,12,Friday,15
1005,Student_1005,2025-06-27 17:16:00,2025-06-27 18:07:00,51.0,2025-06-27,17,Friday,16
1005,Student_1005,2025-06-28 09:05:00,2025-06-28 10:28:00,83.0,2025-06-28,9,Saturday,17
1005,Student_1005,2025-06-28 17:38:00,2025-06-28 19:53:00,135.0,2025-06-28,17,Saturday,18
1005,Student_1005,2025-06-29 11:41:00,2025-06-29 14:03:00,142.0,2025-06-29,11,Sunday,19
1005,Student_1005,2025-07-01 08:56:00,2025-07-01 11:02:00,126.0,2025-07-01,8,Tuesday,22
1005,Student_1005,2025-07-02 12:24:00,2025-07-02 13:20:00,56.0,2025-07-02,12,Wednesday,23
1005,Student_1005,2025-07-02 17:19:00,2025-07-02 18:42:00,83.0,2025-07-02,17,Wednesday,24
1005,Student_1005,2025-07-03 13:52:00,2025-07-03 16:05:00,133.0,2025-07-03,13,Thursday,25
1005,Student_1005,2025-07-03 19:50:00,2025-07-03 22:29:00,159.0,2025-07-03,19,Thursday,26
1005,Student_1005,2025-07-04 08:26:00,2025-07-04 09:34:00,68.0,2025-07-04,8,Friday,27
1005,Student_1005,2025-07-04 10:00:00,2025-07-04 10:40:00,40.0,2025-07-04,10,Friday,28
1005,Student_1005,2025-07-05 10:30:00,2025-07-05 11:10:00,40.0,2025-07-05,10,Saturday,29
1005,Student_1005,2025-07-05 16:37:00,2025-07-05 18:05:00,88.0,2025-07-05,16,Saturday,30
1005,Student_1005,2025-07-06 18:39:00,2025-07-06 20:59:00,140.0,2025-07-06,18,Sunday,31
1005,Student_1005,2025-07-07 14:05:00,2025-07-07 15:15:00,70.0,2025-07-07,14,Monday,32
1005,Student_1005,2025-07-08 09:57:00,2025-07-08 11:17:00,80.0,2025-07-08,9,Tuesday,33
1005,Student_1005,2025-07-09 10:50:00,2025-07-09 11:35:00,45.0,2025-07-09,10,Wednesday,34
1005,Student_1005,2025-07-09 19:36:00,2025-07-09 20:10:00,34.0,2025-07-09,19,Wednesday,35
1005,Student_1005,2025-07-10 09:21:00,2025-07-10 10:13:00,52.0,2025-07-10,9,Thursday,36
1005,Student_1005,2025-07-11 18:29:00,2025-07-11 19:15:00,46.0,2025-07-11,18,Friday,37
1005,Student_1005,2025-07-13 13:10:00,2025-07-13 15:44:00,154.0,2025-07-13,13,Sunday,40
1005,Student_1005,2025-07-13 17:45:00,2025-07-13 20:11:00,146.0,2025-07-13,17,Sunday,41
1005,Student_1005,2025-07-14 13:03:00,2025-07-14 14:43:00,100.0,2025-07-14,13,Monday,42
1006,Student_1006,2025-06-20 13:12:00,2025-06-20 15:33:00,141.0,2025-06-20,13,Friday,1
1006,Student_1006,2025-06-21 19:14:00,2025-06-21 20:25:00,71.0,2025-06-21,19,Saturday,2
1006,Student_1006,2025-06-22 09:56:00,2025-06-22 11:49:00,113.0,2025-06-22,9,Sunday,3
1006,Student_1006,2025-06-23 19:13:00,2025-06-23 19:58:00,45.0,2025-06-23,19,Monday,4
1006,Student_1006,2025-06-24 19:37:00,2025-06-24 20:41:00,64.0,2025-06-24,19,Tuesday,5
1006,Student_1006,2025-06-25 14:51:00,2025-06-25 16:44:00,113.0,2025-06-25,14,Wednesday,6
1006,Student_1006,2025-06-25 19:43:00,2025-06-25 20:28:00,45.0,2025-06-25,19,Wednesday,7
1006,Student_1006,2025-06-26 12:01:00,2025-06-26 14:53:00,172.0,2025-06-26,12,Thursday,8
1006,Student_1006,2025-06-26 17:00:00,2025-06-26 19:44:00,164.0,2025-06-26,17,Thursday,9
1006,Student_1006,2025-06-27 17:23:00,2025-06-27 19:06:00,103.0,2025-06-27,17,Friday,10
1006,Student_1006,2025-06-28 13:13:00,2025-06-28 15:24:00,131.0,2025-06-28,13,Saturday,11
1006,Student_1006,2025-06-29 10:28:00,2025-06-29 11:58:00,90.0,2025-06-29,10,Sunday,12
1006,Student_1006,2025-06-29 19:21:00,2025-06-29 20:22:00,61.0,2025-06-29,19,Sunday,13
1006,Student_1006,2025-07-01 09:35:00,2025-07-01 11:33:00,118.0,2025-07-01,9,Tuesday,16
1006,Student_1006,2025-07-01 19:57:00,2025-07-01 20:30:00,33.0,2025-07-01,19,Tuesday,17
1006,Student_1006,2025-07-02 10:12:00,2025-07-02 12:07:00,115.0,2025-07-02,10,Wednesday,18
1006,Student_1006,2025-07-03 10:06:00,2025-07-03 12:38:00,152.0,2025-07-03,10,Thursday,19
1006,Student_1006,2025-07-04 08:23:00,2025-07-04 10:25:00,122.0,2025-07-04,8,Friday,20
1006,Student_1006,2025-07-04 19:45:00,2025-07-04 20:23:00,38.0,2025-07-04,19,Friday,21
1006,Student_1006,2025-07-05 15:44:00,2025-07-05 16:28:00,44.0,2025-07-05,15,Saturday,22
1006,Student_1006,2025-07-05 16:55:00,2025-07-05 18:21:00,86.0,2025-07-05,16,Saturday,23
1006,Student_1006,2025-07-06 17:55:00,2025-07-06 18:42:00,47.0,2025-07-06,17,Sunday,24
1006,Student_1006,2025-07-07 09:04:00,2025-07-07 09:45:00,41.0,2025-07-07,9,Monday,25
1006,Student_1006,2025-07-07 12:46:00,2025-07-07 14:24:00,98.0,2025-07-07,12,Monday,26
1006,Student_1006,2025-07-08 19:34:00,2025-07-08 20:39:00,65.0,2025-07-08,19,Tuesday,27
1006,Student_1006,2025-07-09 12:49:00,2025-07-09 15:04:00,135.0,2025-07-09,12,Wednesday,28
1006,Student_1006,2025-07-09 16:25:00,2025-07-09 17:10:00,45.0,2025-07-09,16,Wednesday,29
1006,Student_1006,2025-07-10 15:50:00,2025-07-10 18:49:00,179.0,2025-07-10,15,Thursday,30
1006,Student_1006,2025-07-11 12:22:00,2025-07-11 12:52:00,30.0,2025-07-11,12,Friday,31
1006,Student_1006,2025-07-11 18:57:00,2025-07-11 20:51:00,114.0,2025-07-11,18,Friday,32
1006,Student_1006,2025-07-12 11:26:00,2025-07-12 12:48:00,82.0,2025-07-12,11,Saturday,33
1006,Student_1006,2025-07-12 18:44:00,2025-07-12 20:16:00,92.0,2025-07-12,18,Saturday,34
1006,Student_1006,2025-07-13 10:18:00,2025-07-13 11:42:00,84.0,2025-07-13,10,Sunday,35
1006,Student_1006,2025-07-13 17:53:00,2025-07-13 19:43:00,110.0,2025-07-13,17,Sunday,36
1006,Student_1006,2025-07-14 08:52:00,2025-07-14 09:32:00,40.0,2025-07-14,8,Monday,37
1007,Student_1007,2025-06-20 18:07:00,2025-06-20 21:02:00,175.0,2025-06-20,18,Friday,1
1007,Student_1007,2025-06-21 08:54:00,2025-06-21 10:58:00,124.0,2025-06-21,8,Saturday,2
1007,Student_1007,2025-06-21 19:04:00,2025-06-21 21:23:00,139.0,2025-06-21,19,Saturday,3
1007,Student_1007,2025-06-22 18:35:00,2025-06-22 20:16:00,101.0,2025-06-22,18,Sunday,4
1007,Student_1007,2025-06-23 11:25:00,2025-06-23 12:35:00,70.0,2025-06-23,11,Monday,5
1007,Student_1007,2025-06-23 13:48:00,2025-06-23 15:50:00,122.0,2025-06-23,13,Monday,6
1007,Student_1007,2025-06-24 14:12:00,2025-06-24 16:51:00,159.0,2025-06-24,14,Tuesday,7
1007,Student_1007,2025-06-25 15:21:00,2025-06-25 18:06:00,165.0,2025-06-25,15,Wednesday,8
1007,Student_1007,2025-06-26 13:59:00,2025-06-26 16:26:00,147.0,2025-06-26,13,Thursday,9
1007,Student_1007,2025-06-27 09:02:00,2025-06-27 09:46:00,44.0,2025-06-27,9,Friday,10
1007,Student_1007,2025-06-28 12:29:00,2025-06-28 14:33:00,124.0,2025-06-28,12,Saturday,11
1007,Student_1007,2025-06-29 17:30:00,2025-06-29 19:53:00,143.0,2025-06-29,17,Sunday,12
1007,Student_1007,2025-06-30 11:43:00,2025-06-30 12:53:00,70.0,2025-06-30,11,Monday,13
1007,Student_1007,2025-06-30 13:10:00,2025-06-30 14:30:00,80.0,2025-06-30,13,Monday,14
1007,Student_1007,2025-07-02 17:03:00,2025-07-02 19:47:00,164.0,2025-07-02,17,Wednesday,17
1007,Student_1007,2025-07-03 09:05:00,2025-07-03 11:18:00,133.0,2025-07-03,9,Thursday,18
1007,Student_1007,2025-07-03 12:42:00,2025-07-03 13:50:00,68.0,2025-07-03,12,Thursday,19
1007,Student_1007,2025-07-04 13:57:00,2025-07-04 15:39:00,102.0,2025-07-04,13,Friday,20
1007,Student_1007,2025-07-05 13:31:00,2025-07-05 15:38:00,127.0,2025-07-05,13,Saturday,21
1007,Student_1007,2025-07-05 18:23:00,2025-07-05 19:50:00,87.0,2025-07-05,18,Saturday,22
1007,Student_1007,2025-07-06 09:57:00,2025-07-06 11:42:00,105.0,2025-07-06,9,Sunday,23
1007,Student_1007,2025-07-07 12:47:00,2025-07-07 14:49:00,122.0,2025-07-07,12,Monday,24
1007,Student_1007,2025-07-08 16:56:00,2025-07-08 19:33:00,157.0,2025-07-08,16,Tuesday,25
1007,Student_1007,2025-07-09 13:36:00,2025-07-09 15:04:00,88.0,2025-07-09,13,Wednesday,26
1007,Student_1007,2025-07-10 10:06:00,2025-07-10 12:32:00,146.0,2025-07-10,10,Thursday,27
1007,Student_1007,2025-07-11 16:10:00,2025-07-11 17:07:00,57.0,2025-07-11,16,Friday,28
1007,Student_1007,2025-07-12 17:35:00,2025-07-12 19:59:00,144.0,2025-07-12,17,Saturday,29
1007,Student_1007,2025-07-13 09:11:00,2025-07-13 11:38:00,147.0,2025-07-13,9,Sunday,30
1007,Student_1007,2025-07-14 12:59:00,2025-07-14 15:15:00,136.0,2025-07-14,12,Monday,31
1008,Student_1008,2025-06-20 16:49:00,2025-06-20 19:02:00,133.0,2025-06-20,16,Friday,1
1008,Student_1008,2025-06-21 09:48:00,2025-06-21 10:40:00,52.0,2025-06-21,9,Saturday,2
1008,Student_1008,2025-06-21 11:45:00,2025-06-21 12:31:00,46.0,2025-06-21,11,Saturday,3
1008,Student_1008,2025-06-22 08:45:00,2025-06-22 11:10:00,145.0,2025-06-22,8,Sunday,4
1008,Student_1008,2025-06-22 11:23:00,2025-06-22 12:20:00,57.0,2025-06-22,11,Sunday,5
1008,Student_1008,2025-06-24 10:19:00,2025-06-24 12:33:00,134.0,2025-06-24,10,Tuesday,8
1008,Student_1008,2025-06-24 19:02:00,2025-06-24 20:46:00,104.0,2025-06-24,19,Tuesday,9
1008,Student_1008,2025-06-25 15:33:00,2025-06-25 16:25:00,52.0,2025-06-25,15,Wednesday,10
1008,Student_1008,2025-06-25 18:22:00,2025-06-25 21:02:00,160.0,2025-06-25,18,Wednesday,11
1008,Student_1008,2025-06-26 16:07:00,2025-06-26 17:03:00,56.0,2025-06-26,16,Thursday,12
1008,Student_1008,2025-06-27 17:44:00,2025-06-27 19:13:00,89.0,2025-06-27,17,Friday,13
1008,Student_1008,2025-06-28 10:45:00,2025-06-28 11:26:00,41.0,2025-06-28,10,Saturday,14
1008,Student_1008,2025-06-29 17:12:00,2025-06-29 19:13:00,121.0,2025-06-29,17,Sunday,15
1008,Student_1008,2025-06-30 19:59:00,2025-06-30 22:26:00,147.0,2025-06-30,19,Monday,16
1008,Student_1008,2025-07-01 11:15:00,2025-07-01 13:12:00,117.0,2025-07-01,11,Tuesday,17
1008,Student_1008,2025-07-01 17:24:00,2025-07-01 20:12:00,168.0,2025-07-01,17,Tuesday,18
1008,Student_1008,2025-07-02 13:36:00,2025-07-02 15:41:00,125.0,2025-07-02,13,Wednesday,19
1008,Student_1008,2025-07-03 18:38:00,2025-07-03 21:16:00,158.0,2025-07-03,18,Thursday,20
1008,Student_1008,2025-07-04 11:06:00,2025-07-04 12:45:00,99.0,2025-07-04,11,Friday,21
1008,Student_1008,2025-07-04 14:20:00,2025-07-04 15:29:00,69.0,2025-07-04,14,Friday,22
1008,Student_1008,2025-07-05 12:38:00,2025-07-05 13:10:00,32.0,2025-07-05,12,Saturday,23
1008,Student_1008,2025-07-06 16:09:00,2025-07-06 17:21:00,72.0,2025-07-06,16,Sunday,24
1008,Student_1008,2025-07-07 12:46:00,2025-07-07 14:03:00,77.0,2025-07-07,12,Monday,25
1008,Student_1008,2025-07-07 14:55:00,2025-07-07 15:58:00,63.0,2025-07-07,14,Monday,26
1008,Student_1008,2025-07-08 14:50:00,2025-07-08 17:15:00,145.0,2025-07-08,14,Tuesday,27
1008,Student_1008,2025-07-09 10:35:00,2025-07-09 12:25:00,110.0,2025-07-09,10,Wednesday,28
1008,Student_1008,2025-07-09 14:46:00,2025-07-09 15:43:00,57.0,2025-07-09,14,Wednesday,29
1008,Student_1008,2025-07-10 13:40:00,2025-07-10 14:52:00,72.0,2025-07-10,13,Thursday,30
1008,Student_1008,2025-07-12 16:59:00,2025-07-12 18:47:00,108.0,2025-07-12,16,Saturday,33
1008,Student_1008,2025-07-14 11:53:00,2025-07-14 14:16:00,143.0,2025-07-14,11,Monday,36
1009,Student_1009,2025-06-20 08:54:00,2025-06-20 11:08:00,134.0,2025-06-20,8,Friday,1
1009,Student_1009,2025-06-22 16:38:00,2025-06-22 19:08:00,150.0,2025-06-22,16,Sunday,4
1009,Student_1009,2025-06-22 19:46:00,2025-06-22 22:35:00,169.0,2025-06-22,19,Sunday,5
1009,Student_1009,2025-06-23 19:19:00,2025-06-23 21:21:00,122.0,2025-06-23,19,Monday,6
1009,Student_1009,2025-06-24 10:09:00,2025-06-24 12:22:00,133.0,2025-06-24,10,Tuesday,7
1009,Student_1009,2025-06-24 19:03:00,2025-06-24 20:52:00,109.0,2025-06-24,19,Tuesday,8
1009,Student_1009,2025-06-25 09:27:00,2025-06-25 10:52:00,85.0,2025-06-25,9,Wednesday,9
1009,Student_1009,2025-06-25 13:59:00,2025-06-25 15:25:00,86.0,2025-06-25,13,Wednesday,10
1009,Student_1009,2025-06-26 08:45:00,2025-06-26 09:42:00,57.0,2025-06-26,8,Thursday,11
1009,Student_1009,2025-06-26 16:37:00,2025-06-26 17:13:00,36.0,2025-06-26,16,Thursday,12
1009,Student_1009,2025-06-27 08:39:00,2025-06-27 09:30:00,51.0,2025-06-27,8,Friday,13
1009,Student_1009,2025-06-27 15:21:00,2025-06-27 16:47:00,86.0,2025-06-27,15,Friday,14
1009,Student_1009,2025-06-29 08:42:00,2025-06-29 10:26:00,104.0,2025-06-29,8,Sunday,17
1009,Student_1009,2025-06-29 19:43:00,2025-06-29 21:42:00,119.0,2025-06-29,19,Sunday,18
1009,Student_1009,2025-07-01 17:31:00,2025-07-01 19:36:00,125.0,2025-07-01,17,Tuesday,21
1009,Student_1009,2025-07-02 09:20:00,2025-07-02 10:50:00,90.0,2025-07-02,9,Wednesday,22
1009,Student_1009,2025-07-02 19:15:00,2025-07-02 20:42:00,87.0,2025-07-02,19,Wednesday,23
1009,Student_1009,2025-07-03 13:59:00,2025-07-03 16:07:00,128.0,2025-07-03,13,Thursday,24
1009,Student_1009,2025-07-03 17:36:00,2025-07-03 18:09:00,33.0,2025-07-03,17,Thursday,25
1009,Student_1009,2025-07-04 11:22:00,2025-07-04 13:15:00,113.0,2025-07-04,11,Friday,26
1009,Student_1009,2025-07-04 17:52:00,2025-07-04 20:44:00,172.0,2025-07-04,17,Friday,27
1009,Student_1009,2025-07-05 09:31:00,2025-07-05 11:58:00,147.0,2025-07-05,9,Saturday,28
1009,Student_1009,2025-07-05 14:28:00,2025-07-05 17:20:00,172.0,2025-07-05,14,Saturday,29
1009,Student_1009,2025-07-06 19:49:00,2025-07-06 22:23:00,154.0,2025-07-06,19,Sunday,30
1009,Student_1009,2025-07-07 19:12:00,2025-07-07 21:04:00,112.0,2025-07-07,19,Monday,31
1009,Student_1009,2025-07-08 13:33:00,2025-07-08 16:10:00,157.0,2025-07-08,13,Tuesday,32
1009,Student_1009,2025-07-09 14:13:00,2025-07-09 16:01:00,108.0,2025-07-09,14,Wednesday,33
1009,Student_1009,2025-07-10 09:09:00,2025-07-10 10:56:00,107.0,2025-07-10,9,Thursday,34
1009,Student_1009,2025-07-10 11:30:00,2025-07-10 14:17:00,167.0,2025-07-10,11,Thursday,35
1009,Student_1009,2025-07-11 10:44:00,2025-07-11 11:55:00,71.0,2025-07-11,10,Friday,36
1009,Student_1009,2025-07-11 16:24:00,2025-07-11 18:35:00,131.0,2025-07-11,16,Friday,37
1009,Student_1009,2025-07-12 12:06:00,2025-07-12 13:59:00,113.0,2025-07-12,12,Saturday,38
1009,Student_1009,2025-07-13 10:40:00,2025-07-13 12:29:00,109.0,2025-07-13,10,Sunday,39
1009,Student_1009,2025-07-13 16:21:00,2025-07-13 19:00:00,159.0,2025-07-13,16,Sunday,40
1009,Student_1009,2025-07-14 16:01:00,2025-07-14 16:56:00,55.0,2025-07-14,16,Monday,41
1009,Student_1009,2025-07-14 17:08:00,2025-07-14 18:36:00,88.0,2025-07-14,17,Monday,42
1010,Student_1010,2025-06-20 10:54:00,2025-06-20 12:25:00,91.0,2025-06-20,10,Friday,1
1010,Student_1010,2025-06-21 09:28:00,2025-06-21 10:12:00,44.0,2025-06-21,9,Saturday,2
1010,Student_1010,2025-06-21 14:58:00,2025-06-21 15:54:00,56.0,2025-06-21,14,Saturday,3
1010,Student_1010,2025-06-22 15:09:00,2025-06-22 15:57:00,48.0,2025-06-22,15,Sunday,4
1010,Student_1010,2025-06-22 17:59:00,2025-06-22 20:01:00,122.0,2025-06-22,17,Sunday,5
1010,Student_1010,2025-06-23 13:19:00,2025-06-23 14:55:00,96.0,2025-06-23,13,Monday,6
1010,Student_1010,2025-06-24 08:02:00,2025-06-24 09:49:00,107.0,2025-06-24,8,Tuesday,7
1010,Student_1010,2025-06-24 17:57:00,2025-06-24 19:41:00,104.0,2025-06-24,17,Tuesday,8
1010,Student_1010,2025-06-25 18:18:00,2025-06-25 19:02:00,44.0,2025-06-25,18,Wednesday,9
1010,Student_1010,2025-06-26 08:47:00,2025-06-26 09:41:00,54.0,2025-06-26,8,Thursday,10
1010,Student_1010,2025-06-26 15:17:00,2025-06-26 17:09:00,112.0,2025-06-26,15,Thursday,11
1010,Student_1010,2025-06-27 11:04:00,2025-06-27 13:15:00,131.0,2025-06-27,11,Friday,12
1010,Student_1010,2025-06-27 15:20:00,2025-06-27 15:54:00,34.0,2025-06-27,15,Friday,13
1010,Student_1010,2025-06-28 09:54:00,2025-06-28 12:51:00,177.0,2025-06-28,9,Saturday,14
1010,Student_1010,2025-06-29 09:17:00,2025-06-29 11:13:00,116.0,2025-06-29,9,Sunday,15
1010,Student_1010,2025-06-30 14:47:00,2025-06-30 15:29:00,42.0,2025-06-30,14,Monday,16
1010,Student_1010,2025-06-30 16:45:00,2025-06-30 18:13:00,88.0,2025-06-30,16,Monday,17
1010,Student_1010,2025-07-01 08:17:00,2025-07-01 09:23:00,66.0,2025-07-01,8,Tuesday,18
1010,Student_1010,2025-07-01 09:45:00,2025-07-01 10:58:00,73.0,2025-07-01,9,Tuesday,19
1010,Student_1010,2025-07-02 10:43:00,2025-07-02 11:23:00,40.0,2025-07-02,10,Wednesday,20
1010,Student_1010,2025-07-02 15:57:00,2025-07-02 16:43:00,46.0,2025-07-02,15,Wednesday,21
1010,Student_1010,2025-07-03 13:47:00,2025-07-03 14:59:00,72.0,2025-07-03,13,Thursday,22
1010,Student_1010,2025-07-03 19:32:00,2025-07-03 22:26:00,174.0,2025-07-03,19,Thursday,23
1010,Student_1010,2025-07-04 08:27:00,2025-07-04 09:51:00,84.0,2025-07-04,8,Friday,24
1010,Student_1010,2025-07-04 16:27:00,2025-07-04 18:02:00,95.0,2025-07-04,16,Friday,25
1010,Student_1010,2025-07-06 14:01:00,2025-07-06 16:48:00,167.0,2025-07-06,14,Sunday,28
1010,Student_1010,2025-07-07 08:10:00,2025-07-07 09:21:00,71.0,2025-07-07,8,Monday,29
1010,Student_1010,2025-07-07 12:08:00,2025-07-07 14:52:00,164.0,2025-07-07,12,Monday,30
1010,Student_1010,2025-07-09 16:07:00,2025-07-09 17:13:00,66.0,2025-07-09,16,Wednesday,33
1010,Student_1010,2025-07-11 11:55:00,2025-07-11 14:28:00,153.0,2025-07-11,11,Friday,36
1010,Student_1010,2025-07-12 09:43:00,2025-07-12 11:16:00,93.0,2025-07-12,9,Saturday,37
1010,Student_1010,2025-07-12 16:22:00,2025-07-12 17:24:00,62.0,2025-07-12,16,Saturday,38
1011,Student_1011,2025-06-20 12:13:00,2025-06-20 14:45:00,152.0,2025-06-20,12,Friday,1
1011,Student_1011,2025-06-21 10:41:00,2025-06-21 13:13:00,152.0,2025-06-21,10,Saturday,2
1011,Student_1011,2025-06-22 11:46:00,2025-06-22 14:33:00,167.0,2025-06-22,11,Sunday,3
1011,Student_1011,2025-06-22 17:45:00,2025-06-22 19:37:00,112.0,2025-06-22,17,Sunday,4
1011,Student_1011,2025-06-23 08:53:00,2025-06-23 11:12:00,139.0,2025-06-23,8,Monday,5
1011,Student_1011,2025-06-23 13:15:00,2025-06-23 16:14:00,179.0,2025-06-23,13,Monday,6
1011,Student_1011,2025-06-24 12:38:00,2025-06-24 13:32:00,54.0,2025-06-24,12,Tuesday,7
1011,Student_1011,2025-06-24 15:57:00,2025-06-24 18:30:00,153.0,2025-06-24,15,Tuesday,8
1011,Student_1011,2025-06-25 08:11:00,2025-06-25 08:56:00,45.0,2025-06-25,8,Wednesday,9
1011,Student_1011,2025-06-25 10:26:00,2025-06-25 11:44:00,78.0,2025-06-25,10,Wednesday,10
1011,Student_1011,2025-06-26 08:46:00,2025-06-26 10:29:00,103.0,2025-06-26,8,Thursday,11
1011,Student_1011,2025-06-26 11:03:00,2025-06-26 13:33:00,150.0,2025-06-26,11,Thursday,12
1011,Student_1011,2025-06-27 13:54:00,2025-06-27 15:40:00,106.0,2025-06-27,13,Friday,13
1011,Student_1011,2025-06-28 11:37:00,2025-06-28 12:30:00,53.0,2025-06-28,11,Saturday,14
1011,Student_1011,2025-06-29 08:44:00,2025-06-29 10:49:00,125.0,2025-06-29,8,Sunday,15
1011,Student_1011,2025-06-29 19:50:00,2025-06-29 20:24:00,34.0,2025-06-29,19,Sunday,16
1011,Student_1011,2025-07-01 08:33:00,2025-07-01 10:57:00,144.0,2025-07-01,8,Tuesday,19
1011,Student_1011,2025-07-03 14:00:00,2025-07-03 16:54:00,174.0,2025-07-03,14,Thursday,22
1011,Student_1011,2025-07-03 17:35:00,2025-07-03 18:31:00,56.0,2025-07-03,17,Thursday,23
1011,Student_1011,2025-07-04 08:07:00,2025-07-04 10:46:00,159.0,2025-07-04,8,Friday,24
1011,Student_1011,2025-07-05 12:47:00,2025-07-05 15:10:00,143.0,2025-07-05,12,Saturday,25
1011,Student_1011,2025-07-05 18:39:00,2025-07-05 20:10:00,91.0,2025-07-05,18,Saturday,26
1011,Student_1011,2025-07-06 15:10:00,2025-07-06 17:37:00,147.0,2025-07-06,15,Sunday,27
1011,Student_1011,2025-07-07 13:47:00,2025-07-07 14:34:00,47.0,2025-07-07,13,Monday,28
1011,Student_1011,2025-07-08 12:27:00,2025-07-08 13:05:00,38.0,2025-07-08,12,Tuesday,29
1011,Student_1011,2025-07-08 19:53:00,2025-07-08 21:03:00,70.0,2025-07-08,19,Tuesday,30
1011,Student_1011,2025-07-09 09:32:00,2025-07-09 10:22:00,50.0,2025-07-09,9,Wednesday,31
1011,Student_1011,2025-07-10 14:38:00,2025-07-10 16:58:00,140.0,2025-07-10,14,Thursday,32
1011,Student_1011,2025-07-11 10:39:00,2025-07-11 12:52:00,133.0,2025-07-11,10,Friday,33
1011,Student_1011,2025-07-12 10:59:00,2025-07-12 12:16:00,77.0,2025-07-12,10,Saturday,34
1011,Student_1011,2025-07-12 17:48:00,2025-07-12 18:39:00,51.0,2025-07-12,17,Saturday,35
1011,Student_1011,2025-07-13 09:22:00,2025-07-13 11:08:00,106.0,2025-07-13,9,Sunday,36
1011,Student_1011,2025-07-13 19:56:00,2025-07-13 20:29:00,33.0,2025-07-13,19,Sunday,37
1011,Student_1011,2025-07-14 11:27:00,2025-07-14 12:11:00,44.0,2025-07-14,11,Monday,38
1011,Student_1011,2025-07-14 19:47:00,2025-07-14 21:24:00,97.0,2025-07-14,19,Monday,39
1012,Student_1012,2025-06-20 15:57:00,2025-06-20 17:04:00,67.0,2025-06-20,15,Friday,1
1012,Student_1012,2025-06-21 15:56:00,2025-06-21 16:31:00,35.0,2025-06-21,15,Saturday,2
1012,Student_1012,2025-06-22 11:23:00,2025-06-22 13:43:00,140.0,2025-06-22,11,Sunday,3
1012,Student_1012,2025-06-22 14:01:00,2025-06-22 15:54:00,113.0,2025-06-22,14,Sunday,4
1012,Student_1012,2025-06-23 11:34:00,2025-06-23 13:22:00,108.0,2025-06-23,11,Monday,5
1012,Student_1012,2025-06-23 16:31:00,2025-06-23 19:29:00,178.0,2025-06-23,16,Monday,6
1012,Student_1012,2025-06-24 09:14:00,2025-06-24 10:11:00,57.0,2025-06-24,9,Tuesday,7
1012,Student_1012,2025-06-25 08:12:00,2025-06-25 10:25:00,133.0,2025-06-25,8,Wednesday,8
1012,Student_1012,2025-06-26 17:59:00,2025-06-26 19:32:00,93.0,2025-06-26,17,Thursday,9
1012,Student_1012,2025-06-27 18:01:00,2025-06-27 20:54:00,173.0,2025-06-27,18,Friday,10
1012,Student_1012,2025-06-28 12:41:00,2025-06-28 14:30:00,109.0,2025-06-28,12,Saturday,11
1012,Student_1012,2025-06-28 18:36:00,2025-06-28 21:07:00,151.0,2025-06-28,18,Saturday,12
1012,Student_1012,2025-06-29 17:56:00,2025-06-29 19:55:00,119.0,2025-06-29,17,Sunday,13
1012,Student_1012,2025-07-01 08:22:00,2025-07-01 09:17:00,55.0,2025-07-01,8,Tuesday,16
1012,Student_1012,2025-07-01 17:08:00,2025-07-01 18:22:00,74.0,2025-07-01,17,Tuesday,17
1012,Student_1012,2025-07-03 16:34:00,2025-07-03 18:35:00,121.0,2025-07-03,16,Thursday,20
1012,Student_1012,2025-07-04 17:52:00,2025-07-04 19:01:00,69.0,2025-07-04,17,Friday,21
1012,Student_1012,2025-07-05 11:11:00,2025-07-05 12:30:00,79.0,2025-07-05,11,Saturday,22
1012,Student_1012,2025-07-05 16:16:00,2025-07-05 18:25:00,129.0,2025-07-05,16,Saturday,23
1012,Student_1012,2025-07-06 11:26:00,2025-07-06 12:03:00,37.0,2025-07-06,11,Sunday,24
1012,Student_1012,2025-07-07 11:17:00,2025-07-07 11:47:00,30.0,2025-07-07,11,Monday,25
1012,Student_1012,2025-07-08 15:08:00,2025-07-08 16:56:00,108.0,2025-07-08,15,Tuesday,26
1012,Student_1012,2025-07-09 08:43:00,2025-07-09 10:16:00,93.0,2025-07-09,8,Wednesday,27
1012,Student_1012,2025-07-10 18:49:00,2025-07-10 20:25:00,96.0,2025-07-10,18,Thursday,28
1012,Student_1012,2025-07-12 19:33:00,2025-07-12 22:28:00,175.0,2025-07-12,19,Saturday,31
1012,Student_1012,2025-07-13 13:52:00,2025-07-13 16:27:00,155.0,2025-07-13,13,Sunday,32
1012,Student_1012,2025-07-14 09:09:00,2025-07-14 10:55:00,106.0,2025-07-14,9,Monday,33
1012,Student_1012,2025-07-14 18:05:00,2025-07-14 19:23:00,78.0,2025-07-14,18,Monday,34
1013,Student_1013,2025-06-20 14:17:00,2025-06-20 16:56:00,159.0,2025-06-20,14,Friday,1
1013,Student_1013,2025-06-21 19:01:00,2025-06-21 21:56:00,175.0,2025-06-21,19,Saturday,2
1013,Student_1013,2025-06-22 08:17:00,2025-06-22 10:13:00,116.0,2025-06-22,8,Sunday,3
1013,Student_1013,2025-06-22 17:40:00,2025-06-22 18:55:00,75.0,2025-06-22,17,Sunday,4
1013,Student_1013,2025-06-23 09:34:00,2025-06-23 10:32:00,58.0,2025-06-23,9,Monday,5
1013,Student_1013,2025-06-23 14:53:00,2025-06-23 16:06:00,73.0,2025-06-23,14,Monday,6
1013,Student_1013,2025-06-24 13:15:00,2025-06-24 14:45:00,90.0,2025-06-24,13,Tuesday,7
1013,Student_1013,2025-06-24 16:17:00,2025-06-24 17:24:00,67.0,2025-06-24,16,Tuesday,8
1013,Student_1013,2025-06-25 19:11:00,2025-06-25 20:50:00,99.0,2025-06-25,19,Wednesday,9
1013,Student_1013,2025-06-26 09:42:00,2025-06-26 11:13:00,91.0,2025-06-26,9,Thursday,10
1013,Student_1013,2025-06-26 17:26:00,2025-06-26 18:11:00,45.0,2025-06-26,17,Thursday,11
1013,Student_1013,2025-06-27 14:35:00,2025-06-27 17:18:00,163.0,2025-06-27,14,Friday,12
1013,Student_1013,2025-06-28 17:04:00,2025-06-28 18:30:00,86.0,2025-06-28,17,Saturday,13
1013,Student_1013,2025-06-29 15:45:00,2025-06-29 18:11:00,146.0,2025-06-29,15,Sunday,14
1013,Student_1013,2025-06-30 18:45:00,2025-06-30 19:54:00,69.0,2025-06-30,18,Monday,15
1013,Student_1013,2025-07-01 08:23:00,2025-07-01 10:25:00,122.0,2025-07-01,8,Tuesday,16
1013,Student_1013,2025-07-02 10:40:00,2025-07-02 12:44:00,124.0,2025-07-02,10,Wednesday,17
1013,Student_1013,2025-07-03 09:44:00,2025-07-03 12:20:00,156.0,2025-07-03,9,Thursday,18
1013,Student_1013,2025-07-03 15:58:00,2025-07-03 18:02:00,124.0,2025-07-03,15,Thursday,19
1013,Student_1013,2025-07-04 10:18:00,2025-07-04 11:09:00,51.0,2025-07-04,10,Friday,20
1013,Student_1013,2025-07-04 14:03:00,2025-07-04 16:54:00,171.0,2025-07-04,14,Friday,21
1013,Student_1013,2025-07-05 11:35:00,2025-07-05 14:22:00,167.0,2025-07-05,11,Saturday,22
1013,Student_1013,2025-07-05 16:24:00,2025-07-05 18:45:00,141.0,2025-07-05,16,Saturday,23
1013,Student_1013,2025-07-06 17:41:00,2025-07-06 20:20:00,159.0,2025-07-06,17,Sunday,24
1013,Student_1013,2025-07-07 18:48:00,2025-07-07 21:41:00,173.0,2025-07-07,18,Monday,25
1013,Student_1013,2025-07-09 09:16:00,2025-07-09 10:48:00,92.0,2025-07-09,9,Wednesday,28
1013,Student_1013,2025-07-09 12:21:00,2025-07-09 12:56:00,35.0,2025-07-09,12,Wednesday,29
1013,Student_1013,2025-07-10 08:11:00,2025-07-10 09:55:00,104.0,2025-07-10,8,Thursday,30
1013,Student_1013,2025-07-10 10:31:00,2025-07-10 12:20:00,109.0,2025-07-10,10,Thursday,31
1013,Student_1013,2025-07-11 09:12:00,2025-07-11 11:20:00,128.0,2025-07-11,9,Friday,32
1013,Student_1013,2025-07-12 10:47:00,2025-07-12 13:05:00,138.0,2025-07-12,10,Saturday,33
1013,Student_1013,2025-07-12 19:21:00,2025-07-12 21:53:00,152.0,2025-07-12,19,Saturday,34
1013,Student_1013,2025-07-13 09:26:00,2025-07-13 10:59:00,93.0,2025-07-13,9,Sunday,35
1013,Student_1013,2025-07-13 16:52:00,2025-07-13 18:27:00,95.0,2025-07-13,16,Sunday,36
1013,Student_1013,2025-07-14 17:41:00,2025-07-14 18:45:00,64.0,2025-07-14,17,Monday,37
1014,Student_1014,2025-06-20 08:49:00,2025-06-20 09:41:00,52.0,2025-06-20,8,Friday,1
1014,Student_1014,2025-06-20 14:36:00,2025-06-20 15:50:00,74.0,2025-06-20,14,Friday,2
1014,Student_1014,2025-06-21 15:18:00,2025-06-21 17:37:00,139.0,2025-06-21,15,Saturday,3
1014,Student_1014,2025-06-22 15:39:00,2025-06-22 18:17:00,158.0,2025-06-22,15,Sunday,4
1014,Student_1014,2025-06-23 15:15:00,2025-06-23 16:32:00,77.0,2025-06-23,15,Monday,5
1014,Student_1014,2025-06-23 16:58:00,2025-06-23 18:53:00,115.0,2025-06-23,16,Monday,6
1014,Student_1014,2025-06-24 10:22:00,2025-06-24 11:54:00,92.0,2025-06-24,10,Tuesday,7
1014,Student_1014,2025-06-25 10:27:00,2025-06-25 12:06:00,99.0,2025-06-25,10,Wednesday,8
1014,Student_1014,2025-06-25 16:33:00,2025-06-25 17:28:00,55.0,2025-06-25,16,Wednesday,9
1014,Student_1014,2025-06-26 10:02:00,2025-06-26 11:40:00,98.0,2025-06-26,10,Thursday,10
1014,Student_1014,2025-06-26 19:17:00,2025-06-26 21:46:00,149.0,2025-06-26,19,Thursday,11
1014,Student_1014,2025-06-27 08:20:00,2025-06-27 10:58:00,158.0,2025-06-27,8,Friday,12
1014,Student_1014,2025-06-27 12:27:00,2025-06-27 14:01:00,94.0,2025-06-27,12,Friday,13
1014,Student_1014,2025-06-28 10:25:00,2025-06-28 12:28:00,123.0,2025-06-28,10,Saturday,14
1014,Student_1014,2025-06-28 19:06:00,2025-06-28 21:35:00,149.0,2025-06-28,19,Saturday,15
1014,Student_1014,2025-06-29 12:51:00,2025-06-29 13:48:00,57.0,2025-06-29,12,Sunday,16
1014,Student_1014,2025-06-29 16:16:00,2025-06-29 19:01:00,165.0,2025-06-29,16,Sunday,17
1014,Student_1014,2025-06-30 08:26:00,2025-06-30 10:03:00,97.0,2025-06-30,8,Monday,18
1014,Student_1014,2025-06-30 11:23:00,2025-06-30 13:19:00,116.0,2025-06-30,11,Monday,19
1014,Student_1014,2025-07-01 08:47:00,2025-07-01 10:14:00,87.0,2025-07-01,8,Tuesday,20
1014,Student_1014,2025-07-01 16:34:00,2025-07-01 18:07:00,93.0,2025-07-01,16,Tuesday,21
1014,Student_1014,2025-07-02 13:27:00,2025-07-02 16:07:00,160.0,2025-07-02,13,Wednesday,22
1014,Student_1014,2025-07-04 10:32:00,2025-07-04 12:43:00,131.0,2025-07-04,10,Friday,25
1014,Student_1014,2025-07-05 15:10:00,2025-07-05 17:22:00,132.0,2025-07-05,15,Saturday,26
1014,Student_1014,2025-07-05 18:17:00,2025-07-05 19:52:00,95.0,2025-07-05,18,Saturday,27
1014,Student_1014,2025-07-06 12:33:00,2025-07-06 14:10:00,97.0,2025-07-06,12,Sunday,28
1014,Student_1014,2025-07-06 18:50:00,2025-07-06 21:22:00,152.0,2025-07-06,18,Sunday,29
1014,Student_1014,2025-07-07 15:14:00,2025-07-07 17:33:00,139.0,2025-07-07,15,Monday,30
1014,Student_1014,2025-07-08 12:18:00,2025-07-08 13:08:00,50.0,2025-07-08,12,Tuesday,31
1014,Student_1014,2025-07-09 14:04:00,2025-07-09 15:16:00,72.0,2025-07-09,14,Wednesday,32
1014,Student_1014,2025-07-09 18:44:00,2025-07-09 20:48:00,124.0,2025-07-09,18,Wednesday,33
1014,Student_1014,2025-07-10 15:24:00,2025-07-10 17:58:00,154.0,2025-07-10,15,Thursday,34
1014,Student_1014,2025-07-11 08:16:00,2025-07-11 10:00:00,104.0,2025-07-11,8,Friday,35
1014,Student_1014,2025-07-11 18:41:00,2025-07-11 20:31:00,110.0,2025-07-11,18,Friday,36
1014,Student_1014,2025-07-12 08:46:00,2025-07-12 10:40:00,114.0,2025-07-12,8,Saturday,37
1014,Student_1014,2025-07-12 12:46:00,2025-07-12 13:53:00,67.0,2025-07-12,12,Saturday,38
1014,Student_1014,2025-07-14 14:16:00,2025-07-14 16:06:00,110.0,2025-07-14,14,Monday,41
1014,Student_1014,2025-07-14 19:45:00,2025-07-14 21:58:00,133.0,2025-07-14,19,Monday,42
1015,Student_1015,2025-06-20 11:50:00,2025-06-20 12:30:00,40.0,2025-06-20,11,Friday,1
1015,Student_1015,2025-06-20 12:36:00,2025-06-20 14:52:00,136.0,2025-06-20,12,Friday,2
1015,Student_1015,2025-06-21 16:11:00,2025-06-21 17:51:00,100.0,2025-06-21,16,Saturday,3
1015,Student_1015,2025-06-21 19:32:00,2025-06-21 20:49:00,77.0,2025-06-21,19,Saturday,4
1015,Student_1015,2025-06-22 11:04:00,2025-06-22 12:01:00,57.0,2025-06-22,11,Sunday,5
1015,Student_1015,2025-06-23 15:16:00,2025-06-23 16:17:00,61.0,2025-06-23,15,Monday,6
1015,Student_1015,2025-06-23 19:02:00,2025-06-23 20:12:00,70.0,2025-06-23,19,Monday,7
1015,Student_1015,2025-06-24 09:46:00,2025-06-24 11:01:00,75.0,2025-06-24,9,Tuesday,8
1015,Student_1015,2025-06-25 08:54:00,2025-06-25 09:57:00,63.0,2025-06-25,8,Wednesday,9
1015,Student_1015,2025-06-25 18:46:00,2025-06-25 21:17:00,151.0,2025-06-25,18,Wednesday,10
1015,Student_1015,2025-06-26 13:38:00,2025-06-26 14:15:00,37.0,2025-06-26,13,Thursday,11
1015,Student_1015,2025-06-26 17:59:00,2025-06-26 18:31:00,32.0,2025-06-26,17,Thursday,12
1015,Student_1015,2025-06-27 13:39:00,2025-06-27 15:58:00,139.0,2025-06-27,13,Friday,13
1015,Student_1015,2025-06-28 08:04:00,2025-06-28 10:54:00,170.0,2025-06-28,8,Saturday,14
1015,Student_1015,2025-06-28 16:36:00,2025-06-28 17:10:00,34.0,2025-06-28,16,Saturday,15
1015,Student_1015,2025-06-29 14:21:00,2025-06-29 15:37:00,76.0,2025-06-29,14,Sunday,16
1015,Student_1015,2025-06-30 12:48:00,2025-06-30 14:40:00,112.0,2025-06-30,12,Monday,17
1015,Student_1015,2025-07-01 15:26:00,2025-07-01 16:20:00,54.0,2025-07-01,15,Tuesday,18
1015,Student_1015,2025-07-01 19:31:00,2025-07-01 20:47:00,76.0,2025-07-01,19,Tuesday,19
1015,Student_1015,2025-07-02 09:13:00,2025-07-02 12:11:00,178.0,2025-07-02,9,Wednesday,20
1015,Student_1015,2025-07-02 12:23:00,2025-07-02 14:58:00,155.0,2025-07-02,12,Wednesday,21
1015,Student_1015,2025-07-03 17:51:00,2025-07-03 20:05:00,134.0,2025-07-03,17,Thursday,22
1015,Student_1015,2025-07-04 16:10:00,2025-07-04 17:07:00,57.0,2025-07-04,16,Friday,23
1015,Student_1015,2025-07-04 18:18:00,2025-07-04 20:40:00,142.0,2025-07-04,18,Friday,24
1015,Student_1015,2025-07-05 09:40:00,2025-07-05 12:06:00,146.0,2025-07-05,9,Saturday,25
1015,Student_1015,2025-07-05 13:43:00,2025-07-05 14:19:00,36.0,2025-07-05,13,Saturday,26
1015,Student_1015,2025-07-06 09:33:00,2025-07-06 10:57:00,84.0,2025-07-06,9,Sunday,27
1015,Student_1015,2025-07-07 12:30:00,2025-07-07 13:23:00,53.0,2025-07-07,12,Monday,28
1015,Student_1015,2025-07-07 19:18:00,2025-07-07 20:24:00,66.0,2025-07-07,19,Monday,29
1015,Student_1015,2025-07-09 13:02:00,2025-07-09 15:19:00,137.0,2025-07-09,13,Wednesday,32
1015,Student_1015,2025-07-10 19:42:00,2025-07-10 20:12:00,30.0,2025-07-10,19,Thursday,33
1015,Student_1015,2025-07-11 15:04:00,2025-07-11 17:19:00,135.0,2025-07-11,15,Friday,34
1015,Student_1015,2025-07-12 13:35:00,2025-07-12 15:09:00,94.0,2025-07-12,13,Saturday,35
1015,Student_1015,2025-07-12 17:13:00,2025-07-12 19:04:00,111.0,2025-07-12,17,Saturday,36
1015,Student_1015,2025-07-13 19:33:00,2025-07-13 21:27:00,114.0,2025-07-13,19,Sunday,37
1015,Student_1015,2025-07-14 08:00:00,2025-07-14 10:04:00,124.0,2025-07-14,8,Monday,38
1016,Student_1016,2025-06-20 18:56:00,2025-06-20 20:15:00,79.0,2025-06-20,18,Friday,1
1016,Student_1016,2025-06-21 09:20:00,2025-06-21 11:27:00,127.0,2025-06-21,9,Saturday,2
1016,Student_1016,2025-06-22 10:47:00,2025-06-22 13:00:00,133.0,2025-06-22,10,Sunday,3
1016,Student_1016,2025-06-23 14:46:00,2025-06-23 15:31:00,45.0,2025-06-23,14,Monday,4
1016,Student_1016,2025-06-24 14:12:00,2025-06-24 15:31:00,79.0,2025-06-24,14,Tuesday,5
1016,Student_1016,2025-06-25 12:56:00,2025-06-25 15:48:00,172.0,2025-06-25,12,Wednesday,6
1016,Student_1016,2025-06-26 13:36:00,2025-06-26 16:04:00,148.0,2025-06-26,13,Thursday,7
1016,Student_1016,2025-06-26 19:08:00,2025-06-26 21:45:00,157.0,2025-06-26,19,Thursday,8
1016,Student_1016,2025-06-27 19:41:00,2025-06-27 20:36:00,55.0,2025-06-27,19,Friday,9
1016,Student_1016,2025-06-28 09:28:00,2025-06-28 10:03:00,35.0,2025-06-28,9,Saturday,10
1016,Student_1016,2025-06-28 14:01:00,2025-06-28 15:49:00,108.0,2025-06-28,14,Saturday,11
1016,Student_1016,2025-06-30 08:30:00,2025-06-30 10:30:00,120.0,2025-06-30,8,Monday,14
1016,Student_1016,2025-06-30 18:29:00,2025-06-30 20:24:00,115.0,2025-06-30,18,Monday,15
1016,Student_1016,2025-07-03 08:45:00,2025-07-03 09:48:00,63.0,2025-07-03,8,Thursday,20
1016,Student_1016,2025-07-04 16:17:00,2025-07-04 18:59:00,162.0,2025-07-04,16,Friday,21
1016,Student_1016,2025-07-06 09:16:00,2025-07-06 10:17:00,61.0,2025-07-06,9,Sunday,24
1016,Student_1016,2025-07-09 13:14:00,2025-07-09 14:18:00,64.0,2025-07-09,13,Wednesday,29
1016,Student_1016,2025-07-10 12:28:00,2025-07-10 14:33:00,125.0,2025-07-10,12,Thursday,30
1016,Student_1016,2025-07-11 15:06:00,2025-07-11 17:27:00,141.0,2025-07-11,15,Friday,31
1016,Student_1016,2025-07-11 19:23:00,2025-07-11 21:09:00,106.0,2025-07-11,19,Friday,32
1016,Student_1016,2025-07-12 12:38:00,2025-07-12 14:57:00,139.0,2025-07-12,12,Saturday,33
1016,Student_1016,2025-07-13 17:12:00,2025-07-13 18:40:00,88.0,2025-07-13,17,Sunday,34
1016,Student_1016,2025-07-13 19:54:00,2025-07-13 20:46:00,52.0,2025-07-13,19,Sunday,35
1016,Student_1016,2025-07-14 18:52:00,2025-07-14 19:29:00,37.0,2025-07-14,18,Monday,36
1017,Student_1017,2025-06-20 11:00:00,2025-06-20 13:05:00,125.0,2025-06-20,11,Friday,1
1017,Student_1017,2025-06-20 15:05:00,2025-06-20 16:05:00,60.0,2025-06-20,15,Friday,2
1017,Student_1017,2025-06-21 14:45:00,2025-06-21 15:32:00,47.0,2025-06-21,14,Saturday,3
1017,Student_1017,2025-06-21 18:31:00,2025-06-21 19:07:00,36.0,2025-06-21,18,Saturday,4
1017,Student_1017,2025-06-22 10:03:00,2025-06-22 10:46:00,43.0,2025-06-22,10,Sunday,5
1017,Student_1017,2025-06-22 16:27:00,2025-06-22 17:35:00,68.0,2025-06-22,16,Sunday,6
1017,Student_1017,2025-06-24 13:06:00,2025-06-24 15:49:00,163.0,2025-06-24,13,Tuesday,9
1017,Student_1017,2025-06-26 11:46:00,2025-06-26 14:40:00,174.0,2025-06-26,11,Thursday,12
1017,Student_1017,2025-06-26 18:33:00,2025-06-26 20:19:00,106.0,2025-06-26,18,Thursday,13
1017,Student_1017,2025-06-27 10:07:00,2025-06-27 10:47:00,40.0,2025-06-27,10,Friday,14
1017,Student_1017,2025-06-27 17:48:00,2025-06-27 20:29:00,161.0,2025-06-27,17,Friday,15
1017,Student_1017,2025-06-28 11:37:00,2025-06-28 12:31:00,54.0,2025-06-28,11,Saturday,16
1017,Student_1017,2025-06-28 19:46:00,2025-06-28 21:23:00,97.0,2025-06-28,19,Saturday,17
1017,Student_1017,2025-06-29 10:17:00,2025-06-29 13:05:00,168.0,2025-06-29,10,Sunday,18
1017,Student_1017,2025-06-30 13:05:00,2025-06-30 14:41:00,96.0,2025-06-30,13,Monday,19
1017,Student_1017,2025-07-01 10:49:00,2025-07-01 12:59:00,130.0,2025-07-01,10,Tuesday,20
1017,Student_1017,2025-07-02 14:37:00,2025-07-02 17:20:00,163.0,2025-07-02,14,Wednesday,21
1017,Student_1017,2025-07-02 17:41:00,2025-07-02 19:04:00,83.0,2025-07-02,17,Wednesday,22
1017,Student_1017,2025-07-03 09:57:00,2025-07-03 11:40:00,103.0,2025-07-03,9,Thursday,23
1017,Student_1017,2025-07-03 18:49:00,2025-07-03 21:15:00,146.0,2025-07-03,18,Thursday,24
1017,Student_1017,2025-07-04 09:02:00,2025-07-04 10:30:00,88.0,2025-07-04,9,Friday,25
1017,Student_1017,2025-07-05 19:56:00,2025-07-05 22:11:00,135.0,2025-07-05,19,Saturday,26
1017,Student_1017,2025-07-06 15:36:00,2025-07-06 16:11:00,35.0,2025-07-06,15,Sunday,27
1017,Student_1017,2025-07-06 19:41:00,2025-07-06 21:57:00,136.0,2025-07-06,19,Sunday,28
1017,Student_1017,2025-07-07 15:50:00,2025-07-07 16:43:00,53.0,2025-07-07,15,Monday,29
1017,Student_1017,2025-07-08 17:05:00,2025-07-08 19:05:00,120.0,2025-07-08,17,Tuesday,30
1017,Student_1017,2025-07-08 19:30:00,2025-07-08 21:49:00,139.0,2025-07-08,19,Tuesday,31
1017,Student_1017,2025-07-09 11:14:00,2025-07-09 13:45:00,151.0,2025-07-09,11,Wednesday,32
1017,Student_1017,2025-07-09 14:32:00,2025-07-09 15:29:00,57.0,2025-07-09,14,Wednesday,33
1017,Student_1017,2025-07-10 13:20:00,2025-07-10 13:52:00,32.0,2025-07-10,13,Thursday,34
1017,Student_1017,2025-07-11 10:38:00,2025-07-11 11:50:00,72.0,2025-07-11,10,Friday,35
1017,Student_1017,2025-07-11 19:14:00,2025-07-11 21:14:00,120.0,2025-07-11,19,Friday,36
1017,Student_1017,2025-07-12 10:38:00,2025-07-12 12:46:00,128.0,2025-07-12,10,Saturday,37
1017,Student_1017,2025-07-13 08:37:00,2025-07-13 09:56:00,79.0,2025-07-13,8,Sunday,38
1017,Student_1017,2025-07-13 13:50:00,2025-07-13 15:26:00,96.0,2025-07-13,13,Sunday,39
1017,Student_1017,2025-07-14 14:30:00,2025-07-14 15:13:00,43.0,2025-07-14,14,Monday,40
1017,Student_1017,2025-07-14 17:56:00,2025-07-14 20:36:00,160.0,2025-07-14,17,Monday,41
1018,Student_1018,2025-06-20 11:26:00,2025-06-20 12:12:00,46.0,2025-06-20,11,Friday,1
1018,Student_1018,2025-06-21 08:39:00,2025-06-21 10:05:00,86.0,2025-06-21,8,Saturday,2
1018,Student_1018,2025-06-21 17:45:00,2025-06-21 18:59:00,74.0,2025-06-21,17,Saturday,3
1018,Student_1018,2025-06-22 12:09:00,2025-06-22 15:04:00,175.0,2025-06-22,12,Sunday,4
1018,Student_1018,2025-06-22 17:37:00,2025-06-22 18:22:00,45.0,2025-06-22,17,Sunday,5
1018,Student_1018,2025-06-23 12:02:00,2025-06-23 12:33:00,31.0,2025-06-23,12,Monday,6
1018,Student_1018,2025-06-24 09:24:00,2025-06-24 10:11:00,47.0,2025-06-24,9,Tuesday,7
1018,Student_1018,2025-06-25 11:28:00,2025-06-25 13:28:00,120.0,2025-06-25,11,Wednesday,8
1018,Student_1018,2025-06-25 17:48:00,2025-06-25 20:40:00,172.0,2025-06-25,17,Wednesday,9
1018,Student_1018,2025-06-27 08:15:00,2025-06-27 09:32:00,77.0,2025-06-27,8,Friday,12
1018,Student_1018,2025-06-27 14:13:00,2025-06-27 16:19:00,126.0,2025-06-27,14,Friday,13
1018,Student_1018,2025-06-28 09:17:00,2025-06-28 11:43:00,146.0,2025-06-28,9,Saturday,14
1018,Student_1018,2025-06-28 14:41:00,2025-06-28 16:19:00,98.0,2025-06-28,14,Saturday,15
1018,Student_1018,2025-06-29 12:49:00,2025-06-29 15:35:00,166.0,2025-06-29,12,Sunday,16
1018,Student_1018,2025-06-30 10:10:00,2025-06-30 12:27:00,137.0,2025-06-30,10,Monday,17
1018,Student_1018,2025-06-30 12:31:00,2025-06-30 13:10:00,39.0,2025-06-30,12,Monday,18
1018,Student_1018,2025-07-01 09:28:00,2025-07-01 11:05:00,97.0,2025-07-01,9,Tuesday,19
1018,Student_1018,2025-07-01 11:16:00,2025-07-01 12:44:00,88.0,2025-07-01,11,Tuesday,20
1018,Student_1018,2025-07-02 17:37:00,2025-07-02 20:18:00,161.0,2025-07-02,17,Wednesday,21
1018,Student_1018,2025-07-04 11:28:00,2025-07-04 12:53:00,85.0,2025-07-04,11,Friday,24
1018,Student_1018,2025-07-04 19:42:00,2025-07-04 22:07:00,145.0,2025-07-04,19,Friday,25
1018,Student_1018,2025-07-06 11:40:00,2025-07-06 13:52:00,132.0,2025-07-06,11,Sunday,28
1018,Student_1018,2025-07-07 15:06:00,2025-07-07 16:55:00,109.0,2025-07-07,15,Monday,29
1018,Student_1018,2025-07-07 18:27:00,2025-07-07 20:52:00,145.0,2025-07-07,18,Monday,30
1018,Student_1018,2025-07-08 13:20:00,2025-07-08 15:59:00,159.0,2025-07-08,13,Tuesday,31
1018,Student_1018,2025-07-08 19:17:00,2025-07-08 20:55:00,98.0,2025-07-08,19,Tuesday,32
1018,Student_1018,2025-07-09 17:01:00,2025-07-09 17:39:00,38.0,2025-07-09,17,Wednesday,33
1018,Student_1018,2025-07-11 11:49:00,2025-07-11 13:04:00,75.0,2025-07-11,11,Friday,36
1018,Student_1018,2025-07-11 19:17:00,2025-07-11 20:51:00,94.0,2025-07-11,19,Friday,37
1018,Student_1018,2025-07-12 10:19:00,2025-07-12 10:58:00,39.0,2025-07-12,10,Saturday,38
1018,Student_1018,2025-07-12 16:59:00,2025-07-12 18:51:00,112.0,2025-07-12,16,Saturday,39
1018,Student_1018,2025-07-13 08:14:00,2025-07-13 09:04:00,50.0,2025-07-13,8,Sunday,40
1018,Student_1018,2025-07-13 14:20:00,2025-07-13 15:38:00,78.0,2025-07-13,14,Sunday,41
1019,Student_1019,2025-06-20 09:50:00,2025-06-20 12:00:00,130.0,2025-06-20,9,Friday,1
1019,Student_1019,2025-06-20 18:50:00,2025-06-20 20:34:00,104.0,2025-06-20,18,Friday,2
1019,Student_1019,2025-06-21 13:51:00,2025-06-21 15:00:00,69.0,2025-06-21,13,Saturday,3
1019,Student_1019,2025-06-21 18:21:00,2025-06-21 20:09:00,108.0,2025-06-21,18,Saturday,4
1019,Student_1019,2025-06-22 10:52:00,2025-06-22 13:32:00,160.0,2025-06-22,10,Sunday,5
1019,Student_1019,2025-06-23 10:53:00,2025-06-23 11:28:00,35.0,2025-06-23,10,Monday,6
1019,Student_1019,2025-06-24 17:57:00,2025-06-24 19:33:00,96.0,2025-06-24,17,Tuesday,7
1019,Student_1019,2025-06-25 18:44:00,2025-06-25 19:22:00,38.0,2025-06-25,18,Wednesday,8
1019,Student_1019,2025-06-26 13:11:00,2025-06-26 15:41:00,150.0,2025-06-26,13,Thursday,9
1019,Student_1019,2025-06-27 12:03:00,2025-06-27 14:22:00,139.0,2025-06-27,12,Friday,10
1019,Student_1019,2025-06-27 15:48:00,2025-06-27 16:26:00,38.0,2025-06-27,15,Friday,11
1019,Student_1019,2025-06-29 08:12:00,2025-06-29 08:47:00,35.0,2025-06-29,8,Sunday,14
1019,Student_1019,2025-06-30 08:36:00,2025-06-30 09:25:00,49.0,2025-06-30,8,Monday,15
1019,Student_1019,2025-07-01 08:32:00,2025-07-01 10:30:00,118.0,2025-07-01,8,Tuesday,16
1019,Student_1019,2025-07-01 17:49:00,2025-07-01 19:07:00,78.0,2025-07-01,17,Tuesday,17
1019,Student_1019,2025-07-03 12:48:00,2025-07-03 13:57:00,69.0,2025-07-03,12,Thursday,20
1019,Student_1019,2025-07-03 19:18:00,2025-07-03 20:24:00,66.0,2025-07-03,19,Thursday,21
1019,Student_1019,2025-07-04 12:07:00,2025-07-04 14:55:00,168.0,2025-07-04,12,Friday,22
1019,Student_1019,2025-07-04 14:59:00,2025-07-04 15:50:00,51.0,2025-07-04,14,Friday,23
1019,Student_1019,2025-07-05 10:29:00,2025-07-05 11:10:00,41.0,2025-07-05,10,Saturday,24
1019,Student_1019,2025-07-05 18:54:00,2025-07-05 21:52:00,178.0,2025-07-05,18,Saturday,25
1019,Student_1019,2025-07-06 12:42:00,2025-07-06 14:27:00,105.0,2025-07-06,12,Sunday,26
1019,Student_1019,2025-07-07 18:09:00,2025-07-07 19:59:00,110.0,2025-07-07,18,Monday,27
1019,Student_1019,2025-07-08 11:28:00,2025-07-08 13:16:00,108.0,2025-07-08,11,Tuesday,28
1019,Student_1019,2025-07-08 17:02:00,2025-07-08 18:01:00,59.0,2025-07-08,17,Tuesday,29
1019,Student_1019,2025-07-09 18:48:00,2025-07-09 20:28:00,100.0,2025-07-09,18,Wednesday,30
1019,Student_1019,2025-07-10 09:35:00,2025-07-10 10:30:00,55.0,2025-07-10,9,Thursday,31
1019,Student_1019,2025-07-11 16:07:00,2025-07-11 16:42:00,35.0,2025-07-11,16,Friday,32
1019,Student_1019,2025-07-11 19:38:00,2025-07-11 20:25:00,47.0,2025-07-11,19,Friday,33
1019,Student_1019,2025-07-12 17:38:00,2025-07-12 19:30:00,112.0,2025-07-12,17,Saturday,34
1019,Student_1019,2025-07-13 09:28:00,2025-07-13 12:25:00,177.0,2025-07-13,9,Sunday,35
1019,Student_1019,2025-07-13 17:04:00,2025-07-13 19:45:00,161.0,2025-07-13,17,Sunday,36
1019,Student_1019,2025-07-14 18:59:00,2025-07-14 19:47:00,48.0,2025-07-14,18,Monday,37
1020,Student_1020,2025-06-21 14:14:00,2025-06-21 16:06:00,112.0,2025-06-21,14,Saturday,3
1020,Student_1020,2025-06-23 09:48:00,2025-06-23 11:18:00,90.0,2025-06-23,9,Monday,6
1020,Student_1020,2025-06-25 17:07:00,2025-06-25 17:44:00,37.0,2025-06-25,17,Wednesday,9
1020,Student_1020,2025-06-25 19:32:00,2025-06-25 21:41:00,129.0,2025-06-25,19,Wednesday,10
1020,Student_1020,2025-06-26 09:39:00,2025-06-26 11:34:00,115.0,2025-06-26,9,Thursday,11
1020,Student_1020,2025-06-26 13:01:00,2025-06-26 14:29:00,88.0,2025-06-26,13,Thursday,12
1020,Student_1020,2025-06-27 13:39:00,2025-06-27 15:04:00,85.0,2025-06-27,13,Friday,13
1020,Student_1020,2025-06-28 11:14:00,2025-06-28 13:36:00,142.0,2025-06-28,11,Saturday,14
1020,Student_1020,2025-06-29 13:55:00,2025-06-29 14:41:00,46.0,2025-06-29,13,Sunday,15
1020,Student_1020,2025-06-30 09:41:00,2025-06-30 10:38:00,57.0,2025-06-30,9,Monday,16
1020,Student_1020,2025-06-30 13:57:00,2025-06-30 16:47:00,170.0,2025-06-30,13,Monday,17
1020,Student_1020,2025-07-01 17:39:00,2025-07-01 19:33:00,114.0,2025-07-01,17,Tuesday,18
1020,Student_1020,2025-07-02 13:52:00,2025-07-02 14:55:00,63.0,2025-07-02,13,Wednesday,19
1020,Student_1020,2025-07-02 16:52:00,2025-07-02 19:13:00,141.0,2025-07-02,16,Wednesday,20
1020,Student_1020,2025-07-03 18:05:00,2025-07-03 20:38:00,153.0,2025-07-03,18,Thursday,21
1020,Student_1020,2025-07-04 13:02:00,2025-07-04 14:00:00,58.0,2025-07-04,13,Friday,22
1020,Student_1020,2025-07-04 16:10:00,2025-07-04 18:45:00,155.0,2025-07-04,16,Friday,23
1020,Student_1020,2025-07-05 09:28:00,2025-07-05 12:15:00,167.0,2025-07-05,9,Saturday,24
1020,Student_1020,2025-07-05 14:49:00,2025-07-05 16:43:00,114.0,2025-07-05,14,Saturday,25
1020,Student_1020,2025-07-06 09:54:00,2025-07-06 12:23:00,149.0,2025-07-06,9,Sunday,26
1020,Student_1020,2025-07-07 09:35:00,2025-07-07 10:37:00,62.0,2025-07-07,9,Monday,27
1020,Student_1020,2025-07-08 10:38:00,2025-07-08 12:33:00,115.0,2025-07-08,10,Tuesday,28
1020,Student_1020,2025-07-08 19:59:00,2025-07-08 22:35:00,156.0,2025-07-08,19,Tuesday,29
1020,Student_1020,2025-07-10 17:40:00,2025-07-10 19:45:00,125.0,2025-07-10,17,Thursday,32
1020,Student_1020,2025-07-11 14:59:00,2025-07-11 16:44:00,105.0,2025-07-11,14,Friday,33
1020,Student_1020,2025-07-12 08:27:00,2025-07-12 09:23:00,56.0,2025-07-12,8,Saturday,34
1020,Student_1020,2025-07-13 11:10:00,2025-07-13 11:44:00,34.0,2025-07-13,11,Sunday,35
1020,Student_1020,2025-07-13 16:54:00,2025-07-13 17:38:00,44.0,2025-07-13,16,Sunday,36
1020,Student_1020,2025-07-14 12:07:00,2025-07-14 14:15:00,128.0,2025-07-14,12,Monday,37
1020,Student_1020,2025-07-14 19:00:00,2025-07-14 19:32:00,32.0,2025-07-14,19,Monday,38
2221134,Uttam Gupta,2025-07-15 02:31:52,2025-07-15 02:33:13,1.35,2025-07-15,2,Tuesday,1
2221346,Mayuri Kanaknwadi,2025-07-15 02:32:09,2025-07-15 02:33:25,1.2666666666666666,2025-07-15,2,Tuesday,1
2223117,Sidharth Kumar,2025-07-15 02:31:40,2025-07-15 02:32:52,1.2,2025-07-15,2,Tuesday,1
2223122,Prachi Katrodia,2025-07-15 02:00:59,2025-07-15 02:01:12,0.21666666666666667,2025-07-15,2,Tuesday,1
2223124,Tejas Naukudkar,2025-07-15 02:35:39,2025-07-15 02:32:39,-3.0,2025-07-15,2,Tuesday,2
2223124,Tejas Naukudkar,2025-07-15 02:40:55,2025-07-15 02:35:46,-5.15,2025-07-15,2,Tuesday,3
2223124,Tejas Naukudkar,2025-07-15 02:43:39,2025-07-15 02:43:45,0.1,2025-07-15,2,Tuesday,4
2223124,Tejas Naukudkar,2025-07-15 02:45:20,2025-07-15 02:45:23,0.05,2025-07-15,2,Tuesday,5
2223124,Tejas Naukudkar,2025-07-15 02:47:01,2025-07-15 02:47:14,0.21666666666666667,2025-07-15,2,Tuesday,6
2223124,Tejas Naukudkar,2025-07-15 03:20:10,2025-07-15 03:20:36,0.43333333333333335,2025-07-15,3,Tuesday,7
2223124,Tejas Naukudkar,2025-07-15 03:20:45,2025-07-15 03:20:50,0.08333333333333333,2025-07-15,3,Tuesday,8
2223131,Taresh Chabukswar,2025-07-16 02:15:52,2025-07-16 02:15:56,0.06666666666666667,2025-07-16,2,Wednesday,1
2223131,Taresh Chabukswar,2025-07-16 02:16:10,2025-07-16 02:16:17,0.11666666666666667,2025-07-16,2,Wednesday,2
23006,Kiran Sharma,2025-07-15 09:05:00,2025-07-15 11:40:00,155.0,2025-07-15,9,Tuesday,1
23007,Maya Reddy,2025-07-15 09:50:00,2025-07-15 12:30:00,160.0,2025-07-15,9,Tuesday,1
23008,Aditya Singh,2025-07-15 10:15:00,2025-07-15 13:00:00,165.0,2025-07-15,10,Tuesday,1
23009,Priya Menon,2025-07-15 11:00:00,2025-07-15 14:20:00,200.0,2025-07-15,11,Tuesday,1
23010,Vikram Patil,2025-07-15 12:30:00,2025-07-15 16:00:00,210.0,2025-07-15,12,Tuesday,1
